RANK,ADP,PLAYER,POS,TEAM,GP,MPG,FG%,FGM,FGA,FT%,FTM,FTA,3PM,PTS,REB,AST,STL,BLK,TO,TOTAL
1,3.4,Victor Wembanyama,C,SA,70,31.1,0.473,8.8,18.6,0.802,4.5,5.6,2,24.1,11.6,4.4,1.4,4,3.4,14.08
2,1.9,Nikola Jokic,C,DEN,75,34.1,0.585,10.4,17.8,0.819,4.8,5.8,1.1,26.7,12.1,9,1.4,0.9,3,13.99
3,5.3,Shai Gilgeous-Alexander,PG,OKC,73,33.5,0.524,10.2,19.5,0.88,8.1,9.2,1.4,28.9,4.1,6.5,1.7,0.8,2.4,13.47
4,3,Luka Doncic,PG,DAL,68,36.8,0.491,11.3,23,0.792,7.6,9.7,4.1,34.4,9.3,9.9,1.4,0.5,3.8,13.08
5,8.8,Joel Embiid,C,PHI,53,32.8,0.518,9.4,18.2,0.871,9,10.3,1.3,29.2,10.1,4,1,1.5,3.5,12.2
6,17.2,Anthony Davis,PF/C,LAL,67,34.5,0.559,9.5,17,0.802,5.8,7.3,0.4,25.2,12.7,3.6,1.2,2.3,2.1,12.07
7,4.7,Giannis Antetokounmpo,PF/C,MIL,71,34.6,0.614,11.8,19.2,0.671,7,10.5,0.6,31.1,11.8,6.7,1.2,1.1,3.4,9.88
8,11.4,Tyrese Haliburton,PG/SG,IND,69,33.6,0.483,7.5,15.6,0.862,3.1,3.5,3,21.1,3.9,11.1,1.4,0.7,2.5,9.64
9,16.4,Trae Young,PG,ATL,72,35.2,0.432,8.4,19.5,0.877,7.8,8.9,3.4,28.1,2.9,10.8,1.2,0.2,4.2,8.76
10,7.3,Jayson Tatum,SF/PF,BOS,75,35.8,0.469,9.4,20.1,0.836,6.1,7.3,2.9,27.9,9,5.1,1.1,0.7,2.5,8.68
11,45.1,James Harden,PG/SG,LAC,68,34.5,0.438,6.5,14.8,0.871,4.7,5.3,3.0,22.4,6.1,10.4,1.1,0.7,2.9,8.47
12,15.7,Stephen Curry,PG,GS,68,31.4,0.469,8.8,18.7,0.918,4,4.4,4.8,26.4,4.5,5.3,0.8,0.4,2.8,8.27
13,20.1,Donovan Mitchell,PG/SG,CLE,67,33.7,0.468,9.1,19.5,0.866,4.6,5.4,3.3,26.2,4.4,5.4,1.6,0.4,2.8,7.9
14,27.3,Kyrie Irving,PG/SG,DAL,61,34.8,0.495,9.2,18.6,0.907,3.2,3.6,3,24.6,4.9,5.2,1.2,0.6,1.8,7.87
15,39.2,Kawhi Leonard,SF/PF,LAC,45,33,0.519,8.6,16.6,0.879,4.1,4.6,2,23.3,6.2,3.7,1.4,0.7,1.8,7.82
16,21.2,Kevin Durant,PF,PHO,65,35.2,0.52,9.5,18.3,0.846,4.6,5.5,2.1,25.7,6.4,4.8,0.8,1.2,3.2,7.67
17,12.9,LeBron James,SF/PF,LAL,67,34,0.535,9.4,17.6,0.758,4.3,5.6,2.1,25.2,7.2,8.2,1.1,0.5,3.3,7.5
18,20.6,Scottie Barnes,SG/SF/PF,TOR,70,34.8,0.479,7,14.5,0.791,3.5,4.4,1.7,18.1,8.3,5.5,1.3,1.5,2.4,7.32
19,27.5,Damian Lillard,PG,MIL,70,35.2,0.432,7.7,17.8,0.918,6.5,7,3.1,24.9,4.5,7.1,0.9,0.3,2.9,7.23
20,15.3,Devin Booker,PG/SG,PHO,68,35.1,0.49,9.9,20.1,0.873,5.9,6.8,2.2,27.8,4.5,5.5,1,0.4,2.7,7.2
21,39.2,LaMelo Ball,PG,CHA,65,32.4,0.427,8.2,19.2,0.857,3.2,3.7,3.6,23.2,5.7,8.6,1.6,0.3,3.5,7.16
22,11.9,Domantas Sabonis,PF/C,SAC,77,35.6,0.604,7.7,12.7,0.725,3.9,5.4,0.4,19.7,13,7.9,0.9,0.6,3.2,7.11
23,41.4,Lauri Markkanen,SF/PF,UTA,64,33.5,0.483,8.3,17.1,0.884,4.9,5.6,3.1,24.5,8.4,1.9,0.8,0.5,1.7,6.69
24,26.7,Chet Holmgren,C,OKC,75,30.6,0.53,6.5,12.2,0.793,2.8,3.5,1.7,17.4,8.1,2.6,0.7,2.3,1.7,6.62
25,43.7,Paul George,SF/PF,PHI,69,33.6,0.465,7.8,16.8,0.888,3.9,4.4,3,22.5,5.1,3.4,1.5,0.4,2.5,6.08
26,8.8,Anthony Edwards,SG/SF,MIN,79,35.4,0.46,9.3,20.3,0.823,5,6.1,2.5,26.2,5.5,5.2,1.4,0.7,3.1,6.07
27,37.4,Karl-Anthony Towns,PF/C,MIN,67,32.7,0.501,7.7,15.3,0.873,4.1,4.7,2.5,22.7,9.3,3.7,0.6,0.9,2.9,5.71
28,18.9,Jalen Brunson,PG,NY,74,34.9,0.484,9.5,19.6,0.839,5.2,6.1,2.6,26.8,3.6,6.5,0.9,0.2,2.3,5.39
29,61.1,Jimmy Butler,SG/SF/PF,MIA,60,33.1,0.492,6.5,13.2,0.855,6.9,8.1,0.8,20.7,5.4,5.1,1.3,0.3,1.6,5.32
30,92.4,Fred VanVleet,PG,HOU,70,36,0.406,5.7,14.1,0.874,3,3.4,2.9,17.3,3.7,7.6,1.4,0.7,1.8,4.86
31,66.1,Jaren Jackson Jr.,PF/C,MEM,68,30.2,0.471,7.3,15.5,0.8,4.5,5.6,1.7,20.7,6.2,1.7,1.1,1.8,2.1,4.72
32,32.7,Tyrese Maxey,PG/SG,PHI,70,36.2,0.462,8.5,18.4,0.858,4,4.7,3.0,24.9,3.2,5.9,0.9,0.3,1.5,4.66
33,26,De'Aaron Fox,PG,SAC,72,34.5,0.472,9.2,19.4,0.759,4.3,5.6,2.5,25.1,4.2,5.5,1.7,0.4,2.5,4.58
34,74.9,Derrick White,PG/SG,BOS,75,32.8,0.461,5.2,11.3,0.888,2.2,2.4,2.7,15.2,4.3,4.9,0.9,1.2,1.5,4.57
35,17.9,Ja Morant,PG,MEM,68,32.6,0.47,9.2,19.6,0.788,5.8,7.4,1.5,25.8,5.9,8.2,0.9,0.5,3,4.45
36,43.6,Evan Mobley,PF/C,CLE,68,32,0.573,6.5,11.4,0.726,2.6,3.6,0.4,16.1,9.2,3.4,0.9,1.5,1.8,4.45
37,40.7,Desmond Bane,SG/SF,MEM,68,32.8,0.472,7.7,16.4,0.877,3.1,3.5,2.9,21.4,4.5,4.4,1,0.4,2.3,4.33
38,52.4,Jalen Williams,PF,OKC,73,31.5,0.532,7.4,14,0.82,2.6,3.2,1.6,19.1,4.4,4.5,1.1,0.6,1.7,4.25
39,125.6,Jalen Johnson,PF,ATL,68,34.2,0.499,7,14,0.748,2.1,2.8,1.3,17.4,9.1,3.4,1.2,1,1.7,4.23
40,25.5,Dejounte Murray,PG/SG,NO,74,32,0.462,7.6,16.4,0.809,2.2,2.7,2.2,19.5,5.2,6.5,1.4,0.3,2.1,4.21
41,45.8,Jamal Murray,PG,DEN,61,31.7,0.471,7.6,16.1,0.841,2.7,3.2,2.5,20.4,4,6.3,1,0.5,2.2,4.19
42,20.3,Alperen Sengün,C,HOU,72,32.6,0.544,7.6,13.9,0.713,3.9,5.4,0.4,19.4,9.9,5.4,1.2,0.8,2.8,4.16
43,31.6,Bam Adebayo,C,MIA,73,34.4,0.531,7.8,14.8,0.743,4.1,5.5,0.8,20,10.4,3.9,1.2,0.9,2.4,4.16
44,61,Kristaps Porzingis,PF/C,BOS,40,27.1,0.484,6.1,12.6,0.848,3.8,4.5,1.8,17.8,6.7,2,0.7,1.5,1.6,4.14
45,86.3,Myles Turner,C,IND,72,28.8,0.535,6.1,11.5,0.778,3.2,4.1,1.5,17,7,1.3,0.5,2,1.5,3.97
46,47.8,Cade Cunningham,PG/SG,DET,64,33.7,0.45,8.8,19.5,0.865,3.8,4.4,1.9,23.2,4.7,7.8,0.9,0.4,3.5,3.96
47,89.2,Immanuel Quickley,PG/SG,TOR,72,33.3,0.44,6.4,14.7,0.849,3.2,3.8,2.6,18.7,4.6,6.8,1.1,0.2,1.6,3.89
48,28.6,DeMar DeRozan,SF/PF,SAC,76,33.1,0.486,6.9,14.2,0.863,5.2,6.1,1,20,3.7,3.8,1.1,0.5,1.5,3.54
49,52.7,Franz Wagner,SF/PF,ORL,76,33.1,0.483,7.2,15,0.845,3.7,4.3,1.4,19.6,5.4,3.9,1.2,0.4,2,3.29
50,71,Rudy Gobert,C,MIN,73,33.6,0.66,5.5,8.3,0.642,3.4,5.2,0,14.3,12.9,1.4,0.8,1.8,1.7,3.09
51,82.4,Jarrett Allen,C,CLE,70,30.8,0.637,6.2,9.7,0.735,2.6,3.6,0,14.9,9.9,2.2,0.7,1.1,1.4,3.08
52,41.2,Nikola Vucevic,C,CHI,75,33.2,0.482,7.1,14.8,0.817,1.5,1.8,1.4,17.1,10.4,3.3,0.7,0.7,1.6,3.07
53,70.7,Darius Garland,PG,CLE,68,33,0.455,6.9,15.1,0.85,3.2,3.8,2.3,19.3,2.6,7,1.2,0.1,2.9,2.95
54,34.9,Jaylen Brown,SG/SF,BOS,70,33.8,0.495,9.4,19,0.737,3.4,4.6,2.2,24.4,6.1,3.5,1.1,0.5,2.6,2.93
55,103.4,Bradley Beal,SG/SF,PHO,50,32,0.509,7.2,14.2,0.821,2.6,3.1,1.9,18.9,3.8,4.2,1,0.5,2.4,2.89
56,66,Deandre Ayton,C,POR,65,29.7,0.58,7.5,12.9,0.776,1.7,2.2,0.1,16.7,10,1.6,0.7,0.8,1.7,2.8
57,80.7,D'Angelo Russell,PG/SG,LAL,72,32.6,0.457,6.2,13.5,0.829,2.3,2.8,2.9,17.5,3.1,6,1,0.5,2.4,2.72
58,94,Tobias Harris,SF/PF,DET,69,31,0.482,6.6,13.7,0.877,2.4,2.8,1.5,17.1,6.1,2.9,1,0.6,1.3,2.69
59,98.7,Jalen Duren,C,DET,68,30,0.628,5.3,8.5,0.781,2.1,2.7,0,12.8,10.9,2,0.6,0.9,1.9,2.63
60,83.8,Jrue Holiday,PG/SG,BOS,68,32.5,0.477,5.1,10.6,0.847,1.2,1.4,2.2,13.5,5.3,5.1,1,0.6,2.4,2.63
61,44.2,Zion Williamson,PF,NO,67,32.1,0.573,8.8,15.4,0.714,5,7.1,0.1,23.8,7.2,5,1.4,0.7,3,2.57
62,40.4,Pascal Siakam,PF,IND,74,32,0.539,8.1,15,0.742,3.8,5.1,1.1,21.1,7.5,3.9,0.8,0.4,1.5,2.55
63,73.3,Zach LaVine,SG/SF,CHI,64,34.4,0.459,7.5,16.3,0.845,4.2,5,2.5,21.6,4.5,4,0.9,0.3,2.3,2.5
64,99.4,Jordan Poole,PG/SG,WAS,77,31.5,0.422,6.9,16.3,0.871,3.7,4.2,2.6,20.1,2.9,5.7,1.1,0.3,2.9,2.42
65,79.7,Nicolas Claxton,C,BKN,72,30.1,0.621,5.4,8.7,0.555,1.7,3,0,12.5,9.8,2,0.8,2.2,1.3,2.37
66,125.9,Mark Williams,C,CHA,58,27.4,0.641,5.3,8.2,0.704,2.3,3.3,0,12.8,10,0.8,0.9,1.2,1.2,2.34
67,94.4,Miles Bridges,SF/PF,CHA,73,36.2,0.462,7.7,16.6,0.824,2.4,2.9,2.2,19.8,6.9,3.2,0.9,0.5,1.9,2.27
68,89.1,Devin Vassell,SG/SF,SA,65,32.9,0.46,7.4,16,0.8,2.3,2.9,2.6,19.7,4,4,1.1,0.4,1.6,2.25
69,89,Tyler Herro,PG/SG,MIA,67,33.6,0.44,7.4,16.8,0.903,2.4,2.7,3.1,20.2,5.3,4.3,0.7,0.2,2.3,2.25
70,77.3,Julius Randle,PF,NY,68,35.4,0.477,8.4,17.5,0.78,4.8,6.2,1.6,23.1,9.7,4.3,0.6,0.3,3,2.24
71,133.1,Isaiah Hartenstein,C,OKC,62,27.9,0.621,3.6,5.9,0.7,1.3,1.9,0.1,10.7,8,2.7,1.1,1.2,1.3,2.22
72,86.7,Walker Kessler,C,UTA,69,26.1,0.662,4.2,6.3,0.577,1.1,1.9,0,10.5,9.7,1,0.4,2.5,1,2.21
73,51,Mikal Bridges,SG/SF,NY,78,34,0.454,5.5,12,0.827,2.7,3.2,2.4,16,4.1,3.2,1.1,0.7,1.6,2.18
74,56.5,Brandon Ingram,SF,NO,60,31.8,0.492,7.5,15.3,0.812,3.8,4.7,1.3,20.1,4.8,4.6,0.8,0.6,2.3,2.12
75,130.5,Dereck Lively II,C,DAL,67,25.8,0.738,4.7,6.3,0.535,0.8,1.6,0,10.1,7.9,1.5,0.8,1.6,1,2.12
76,107.5,Anfernee Simons,PG/SG,POR,60,33.9,0.44,7.6,17.2,0.905,3,3.3,3.4,21.4,3,4.9,0.6,0.2,2.3,2.08
77,66.7,Josh Giddey,SG/SF,CHI,78,31,0.479,6.7,14.1,0.795,1.5,1.9,1.1,16.1,7.4,6.1,0.8,0.5,2.7,2.02
78,85.6,Jabari Smith Jr.,PF/C,HOU,78,32.2,0.463,5,10.8,0.824,2.1,2.6,1.9,14,8.4,1.5,0.8,0.9,1.3,2.01
79,117,Collin Sexton,PG/SG,UTA,70,30.7,0.487,6.9,14.2,0.843,4.5,5.4,1.7,20,2.9,4.9,0.8,0.2,2.4,2.01
80,118.4,Bogdan Bogdanovic,SG/SF,ATL,68,30.2,0.434,6,13.7,0.889,2,2.3,3.1,17.1,3.5,3.2,1.1,0.4,1.4,1.99
81,22.2,Paolo Banchero,SF/PF,ORL,76,35.1,0.462,8,17.4,0.731,5.4,7.4,1.6,23.1,7.4,5.7,1,0.7,3,1.97
82,66.4,Austin Reaves,SG/SF,LAL,72,32.6,0.482,5.2,10.8,0.859,3.4,3.9,2,15.7,4,5.1,0.8,0.3,2,1.97
83,67.1,Keegan Murray,SF/PF,SAC,78,33.5,0.454,5.4,12,0.836,1.1,1.3,2.7,14.6,5.4,1.6,1,0.8,0.8,1.95
84,105.4,Khris Middleton,SF,MIL,64,29.1,0.482,6.4,13.4,0.869,2.4,2.7,1.8,17,4.6,4.9,0.9,0.3,2.4,1.92
85,123.5,Onyeka Okongwu,C,ATL,67,26.8,0.617,4,6.6,0.785,2,2.6,0.5,10.6,7.6,1.3,0.7,1.3,1.1,1.9
86,109.3,OG Anunoby,SF/PF,NY,60,33.1,0.48,5.8,12,0.77,1.3,1.7,2,14.8,4.1,2,1.5,0.7,1.8,1.84
87,130.3,Alex Caruso,PG/SG,OKC,68,28.7,0.463,3.1,6.6,0.785,1.1,1.4,1.5,8.7,3.8,3.5,1.6,0.9,1.4,1.79
88,108,Coby White,PG/SG,CHI,76,35.5,0.446,6.5,14.6,0.843,2.3,2.7,2.7,18,4.6,4.9,0.9,0.2,2,1.79
89,95.5,Michael Porter Jr.,SF,DEN,74,31.8,0.485,6.6,13.6,0.818,1.4,1.7,2.9,17.5,6.5,1.4,0.6,0.6,1.2,1.78
90,132.6,Daniel Gafford,C,DAL,75,24.5,0.729,4.3,5.9,0.675,1.7,2.5,0,10.3,7.8,1.4,0.7,1.7,1.1,1.75
91,136,Jalen Suggs,PG/SG,ORL,72,28.3,0.465,4.9,10.5,0.761,1.8,2.3,2.1,13.6,3.4,3.5,1.5,0.7,2,1.75
92,113.7,Draymond Green,PF/C,GS,58,27.3,0.514,3.3,6.3,0.713,1,1.4,0.7,8.2,6.9,6.2,1.1,0.8,2.5,1.73
93,103.2,Jakob Poeltl,C,TOR,68,26.8,0.64,5.4,8.4,0.575,1.5,2.6,0,12.2,9.1,2.7,0.9,1.4,1.7,1.62
94,107.1,Amen Thompson,SF/PF,HOU,68,27.2,0.529,4.8,9,0.72,2.2,3.1,0.3,12,7.2,3.2,1.5,0.8,1.8,1.6
95,75,CJ McCollum,PG/SG,NO,65,32,0.451,6.8,15,0.814,1.9,2.3,2.8,18.3,3.9,4.1,0.8,0.5,1.9,1.49
96,127.2,Ivica Zubac,C,LAC,72,28.5,0.642,5.1,7.9,0.709,2.2,3.1,0,14.3,10.1,1.9,0.4,1.6,1.5,1.47
97,132.9,Herbert Jones,SF/PF,NO,71,29.5,0.484,3.7,7.6,0.854,1.8,2.1,1.3,10.5,4.0,2.5,1.7,1.2,1.3,1.47
98,90,Cam Thomas,SG,BKN,69,32.1,0.44,9.1,20.7,0.861,4.7,5.5,2.6,25.6,3.3,2.9,0.7,0.3,2,1.44
99,131.1,Mike Conley,PG,MIN,72,29.1,0.442,3.9,8.7,0.885,1.7,1.9,2.2,11.6,2.8,6,1.1,0.2,1.4,1.42
100,101.5,Jonas Valanciunas,C,WAS,74,26.8,0.548,5.7,10.4,0.796,2.3,2.9,0.5,14.2,10.3,2.1,0.4,0.8,1.8,1.4
101,81.1,Brandon Miller,SG/SF,CHA,74,33,0.445,6.7,15.1,0.837,2.1,2.5,2.6,18.1,4.4,2.5,1,0.6,1.9,1.35
102,106.6,Tyus Jones,PG,PHO,73,29.4,0.476,4.8,10.1,0.802,0.9,1.1,1.7,12.2,2.9,6.8,1.2,0.2,1.1,1.35
103,106.9,Brook Lopez,C,MIL,70,28.5,0.471,4.2,9,0.803,1.4,1.8,1.7,11.7,4.9,1.3,0.5,2,1,1.34
104,118.1,Jerami Grant,PF,POR,55,32.8,0.463,6.6,14.3,0.814,4.3,5.3,2.1,19.7,3.9,2.5,0.8,0.7,1.9,1.2
105,77.4,Kyle Kuzma,SF/PF,WAS,69,32.1,0.456,8.3,18.1,0.773,2.8,3.6,2.3,21.6,6.9,4,0.5,0.6,2.8,1.16
106,112.8,John Collins,PF,UTA,67,28.9,0.52,5.5,10.5,0.798,2.1,2.6,1.1,14.2,7.5,1.2,0.6,1,1.3,1.13
107,127.7,Trey Murphy III,SG/SF,NO,62,28,0.455,4.5,9.9,0.866,2.1,2.4,2.6,13.7,3.9,1.7,1,0.5,0.7,1.05
108,139.8,Norman Powell,SG/SF,LAC,69,31.8,0.482,6.5,13.4,0.821,3.3,4.1,2.6,18.8,3.4,1.7,0.8,0.4,1.5,1.03
109,113.3,Clint Capela,C,ATL,70,26,0.597,5,8.4,0.631,1.5,2.4,0,11.5,10.7,1.1,0.6,1.3,0.9,1.02
110,130.4,Buddy Hield,SG/SF,GS,78,29.3,0.445,5.2,11.7,0.839,1,1.2,2.9,14.3,4.2,2.9,1,0.4,1.5,0.95
111,139.9,Taylor Hendricks,PF,UTA,68,27.3,0.471,3.9,8.2,0.798,0.8,1,1.8,10.3,6.3,1.1,1,1,0.9,0.92
112,136.9,Trayce Jackson-Davis,PF/C,GS,70,26.4,0.703,5.2,7.4,0.563,1.7,3,0,12.1,7.6,1.8,0.6,1.6,1.1,0.84
113,35.4,Jalen Green,SG,HOU,76,32,0.429,7,16.4,0.807,4,5,2.4,20.5,4.9,3.7,0.9,0.3,2.4,0.78
114,109.9,Jusuf Nurkic,C,PHO,68,27.5,0.514,4.7,9.1,0.647,2.4,3.6,0.5,12.2,10.5,3.6,1,1,2.4,0.67
115,129.1,Cameron Johnson,SF/PF,BKN,60,28.6,0.457,5.2,11.3,0.818,1.9,2.4,2.5,14.7,4.5,2.2,1,0.3,1,0.63
116,109.4,Terry Rozier,PG/SG,MIA,68,31.6,0.435,6.5,15,0.842,2.4,2.9,2.2,17.7,3.5,4.5,1,0.3,1.7,0.57
117,126.4,Donte DiVincenzo,SG,NY,73,26.3,0.445,4.4,10,0.776,0.9,1.2,2.7,12.5,3.9,2.9,1.3,0.3,1.4,0.54
118,118.1,Naz Reid,PF/C,MIN,77,25.1,0.473,5.4,11.3,0.736,1.5,2.1,1.9,15.2,6.9,1.4,0.8,1,1.6,0.41
119,132.9,Dennis Schröder,PG,BKN,70,31,0.435,5.2,12,0.847,2.9,3.5,1.7,15.1,3,5.9,0.8,0.2,2,0.2
120,89.6,Jonathan Kuminga,PF,GS,72,28.6,0.527,6.2,11.7,0.759,2.9,3.8,0.9,16.2,5.1,2.5,0.8,0.6,1.9,0.16
121,138,Marcus Smart,PG/SG,MEM,65,31,0.42,4.3,10.3,0.751,1.6,2.1,1.9,12.1,3,4.7,1.6,0.3,2.5,0.13
122,139.6,Jalen Smith,PF/C,CHI,64,25,0.537,5,9.2,0.711,1.7,2.4,1.3,12.9,7.6,1.3,0.4,1,1.2,0.11
123,140,Corey Kispert,SG/SF,WAS,77,31,0.484,5.4,11.1,0.821,1.7,2,2.7,15.1,3.4,2.4,0.7,0.2,1.2,0.07
124,114.6,Chris Paul,PG,SA,50,24.4,0.44,3.5,8.1,0.833,1.3,1.5,1.3,9.6,3.4,6.5,1.1,0.2,1.4,0.03
125,134.5,Grayson Allen,PG/SG,PHO,73,27.4,0.485,3.9,8,0.893,1.5,1.7,2.2,11.4,3.3,2.4,0.8,0.4,1,0.01
126,106.1,Klay Thompson,SG/SF,DAL,70,29.4,0.434,6.2,14.3,0.901,1.5,1.6,3.4,17.2,3.2,2,0.6,0.4,1.4,0.01
127,117,Bobby Portis,PF,MIL,74,25.2,0.502,5.8,11.5,0.777,1.3,1.7,1.3,14.1,8.3,1.4,0.7,0.3,1.1,-0.06
128,136.3,Keyonte George,PG/SG,UTA,73,31.6,0.422,5.4,12.9,0.851,3,3.5,2.4,16.3,3.3,5.2,0.6,0.2,2.6,-0.08
129,138.3,Kentavious Caldwell-Pope,SG,ORL,76,30.1,0.461,3.6,7.8,0.861,1.3,1.5,1.7,10.1,2.5,2.3,1.3,0.5,1,-0.12
130,132.5,Jaden Ivey,SG,DET,76,30,0.435,6.4,14.8,0.759,3.3,4.4,2.2,18.4,3.7,4.6,0.8,0.6,2.7,-0.19
131,97,RJ Barrett,SG/SF,TOR,72,33.5,0.482,7.9,16.3,0.726,3.9,5.4,1.6,21.2,6.4,3.8,0.6,0.4,2.3,-0.22
132,134,P.J. Washington,PF,DAL,73,31.2,0.431,4.5,10.5,0.706,1.5,2.1,1.9,12.4,5.5,2.1,1.1,0.9,1.4,-0.23
133,134.9,Brandin Podziemski,SG,GS,74,28.5,0.459,4.2,9.2,0.664,0.8,1.2,1.6,12.6,6.6,5.2,1.2,0.2,1.4,-0.26
134,132.1,Malik Monk,SG/SF,SAC,74,25.8,0.446,5.1,11.4,0.86,2.4,2.8,2,14.5,2.8,4.5,0.6,0.4,2,-0.3
135,135.8,Al Horford,PF/C,BOS,63,25.4,0.493,3.1,6.3,0.806,0.3,0.4,1.8,8.3,5.6,2.5,0.5,0.9,0.6,-0.31
136,125.7,Ausar Thompson,SF/PF,DET,69,28.1,0.493,4.4,9,0.624,1.3,2.1,0.4,10.6,7.2,2.2,1.2,1.1,1.5,-0.35
137,140,Keon Ellis,SG,SAC,68,24.4,0.46,2.7,5.8,0.729,0.7,1,1.8,7.9,3.1,2.1,1.3,0.7,0.9,-0.4
138,138,Rui Hachimura,SF/PF,LAL,66,29.2,0.514,5.8,11.3,0.74,1.7,2.3,1.5,14.8,5.2,1.3,0.7,0.5,0.9,-0.45
139,138,Alexandre Sarr,PF/C,WAS,69,28.9,0.448,4.3,9.6,0.711,2.3,3.3,0.8,11.8,6.2,1.2,0.7,2.0,1.2,-0.47
140,140,Wendell Carter Jr.,C,ORL,58,27.1,0.525,4.8,9.2,0.722,2.1,2.9,1.3,13,7.7,2,0.6,0.5,1.5,-0.51
141,140,Aaron Nesmith,SF,IND,72,28.7,0.477,4.2,8.8,0.796,1.6,2,1.9,11.9,4.1,1.5,0.9,0.6,1,-0.56
142,139.3,De'Anthony Melton,PG/SG,GS,68,22.8,0.42,3.2,7.6,0.817,1,1.3,1.8,9.2,3.5,2.4,1.4,0.4,1.1,-0.57
143,139.4,Kelly Olynyk,PF/C,TOR,69,22.4,0.526,3.3,6.3,0.834,2,2.4,0.9,9.6,5,3.4,0.8,0.4,1.9,-0.61
144,139.9,Marvin Bagley III,PF/C,WAS,55,25.4,0.558,5.5,9.8,0.755,2.2,2.9,0.3,13.4,7.2,1.1,0.5,0.8,1.3,-0.61
145,140.1,Bruce Brown,SG/SF,TOR,72,28.5,0.481,4.4,9.2,0.79,1.6,2.1,1,11.5,4.3,3.2,1,0.5,1.5,-0.69
146,139.3,Mitchell Robinson,C,NY,62,26,0.64,2.9,4.5,0.459,1,2.1,0,6.8,9.1,0.8,1,1.6,0.7,-0.73
147,140,Noah Clowney,PF,BKN,67,24.2,0.552,3.7,6.6,0.728,1.6,2.1,0.9,9.7,5.8,1.3,0.6,1.1,1.1,-0.73
148,140,Jeremy Sochan,PF,SA,72,29.8,0.444,4.9,11,0.769,1.7,2.2,0.9,12.2,6.8,3.2,0.9,0.6,2,-0.73
149,140.1,Tari Eason,SF,HOU,67,22.4,0.457,3.9,8.5,0.732,1.3,1.8,0.8,9.8,7.1,1.2,1.3,0.7,1.2,-0.78
150,108.6,Aaron Gordon,PF,DEN,72,31,0.56,6,10.6,0.632,2.7,4.2,0.7,15.3,6.6,3.3,0.8,0.7,1.5,-0.81
151,134.8,Tre Jones,PG,SA,74,24.4,0.479,3.9,8,0.861,1.5,1.7,0.7,9.8,3.2,5.5,1,0.1,1.4,-0.81
152,132.8,Kelly Oubre Jr.,SG/SF,PHI,65,29.4,0.436,6,13.8,0.76,2.5,3.3,1.7,16.3,4.9,1.3,1.2,0.5,1.2,-0.87
153,137.2,Zach Edey,C,MEM,68,26.2,0.575,4.2,7.3,0.729,1.8,2.5,0,12.2,10.2,1.3,0.3,1.5,1,-0.9
154,140,Dyson Daniels,PG/SG,ATL,68,27.4,0.453,2.8,6.1,0.651,0.7,1.1,0.8,7.1,5,3.5,1.5,0.4,1.4,-0.91
155,110.3,Scoot Henderson,PG,POR,67,30.1,0.409,5.6,13.8,0.821,2.9,3.5,1.5,15.7,3.3,5.8,1,0.3,3.3,-0.91
156,139.3,Kyle Lowry,PG,PHI,58,27.7,0.417,3,7.1,0.855,1.5,1.7,1.7,9.1,3.4,4.4,1,0.3,1.5,-0.92
157,136.5,Jaden McDaniels,SF,MIN,74,29.8,0.504,4.5,9,0.732,1.1,1.5,1.3,11.4,3.5,1.7,0.9,0.8,1.3,-0.97
158,140.1,Patrick Williams,PF,CHI,68,28.3,0.457,3.9,8.5,0.829,1.2,1.4,1.4,10.3,4,1.4,0.9,0.8,1.3,-0.98
159,140,Karlo Matkovic,PF,NO,50,19.2,0.488,3.6,7.4,0.751,1.4,1.9,1.1,9.7,4.6,1.5,0.7,1.2,1.4,-1
160,138.8,Luguentz Dort,SG/SF,OKC,76,28,0.434,3.9,9,0.827,1.6,1.9,1.8,11.2,3.9,1.7,0.9,0.6,1,-1.01
161,140,Terance Mann,SG/SF,LAC,76,27,0.514,4.5,8.8,0.808,1.4,1.7,1.2,11.6,4.3,2.5,0.7,0.3,1,-1.02
162,131.5,Malcolm Brogdon,PG/SG,WAS,43,27.7,0.466,4.6,9.8,0.85,2,2.4,1.7,12.9,3.4,3.7,0.6,0.2,1.3,-1.05
163,139.8,T.J. McConnell,PG,IND,70,18.6,0.55,4.1,7.4,0.816,0.7,0.9,0.3,9.2,2.8,5.3,1,0.1,1.7,-1.05
164,138.6,Max Strus,SG/SF,CLE,72,29.4,0.414,4.2,10,0.829,1,1.2,2.4,11.7,3.9,3.4,0.8,0.3,1.2,-1.05
165,131.8,Deni Avdija,SF/PF,POR,73,26.4,0.477,4.4,9.1,0.738,2.1,2.9,1,11.9,6.5,3.3,0.8,0.4,1.9,-1.08
166,138.4,Ben Simmons,PG/PF,BKN,28,24.9,0.569,3,5.3,0.427,0.5,1.2,0,6.6,6.6,5.9,1.1,0.6,2.1,-1.09
167,95.6,Shaedon Sharpe,SG/SF,POR,65,31.6,0.434,5.6,12.9,0.812,2.8,3.5,1.9,15.9,4.6,2.2,0.8,0.4,1.8,-1.09
168,139.5,Jonathan Isaac,PF,ORL,55,17.2,0.496,2.8,5.7,0.704,1.1,1.5,0.8,7.5,5.1,0.6,1,1.2,0.5,-1.13
169,140,Daniel Theis,C,NO,67,24,0.524,3.8,7.3,0.759,1,1.3,0.6,9.2,5.7,1.5,0.5,1.1,1,-1.15
170,140,Kevin Porter Jr.,SG,LAC,55,24.8,0.442,4.7,10.6,0.785,2.5,3.2,1.7,13.5,3.8,4.1,1,0.2,2.3,-1.17
171,136.8,Jaime Jaquez Jr.,SG/SF,MIA,73,28,0.489,4.6,9.3,0.812,1.9,2.3,0.9,11.9,3.8,2.6,1,0.3,1.5,-1.24
172,124.3,Kevin Huerter,SG/SF,SAC,68,24.8,0.468,4.5,9.5,0.75,0.9,1.2,2.2,12,3.2,2.6,0.8,0.3,1,-1.25
173,139.8,Gary Trent Jr.,SG,MIL,70,30,0.429,5.3,12.3,0.792,1.6,2.1,2.4,14.5,2.5,1.6,1.2,0.2,0.7,-1.29
174,111.4,Keldon Johnson,SF,SA,67,27.5,0.453,6.1,13.4,0.798,2.8,3.6,1.8,16.7,4.7,2.6,0.7,0.2,1.6,-1.34
175,140.1,Luke Kennard,SG,MEM,60,25.4,0.472,3.7,7.7,0.914,0.9,0.9,2.7,10.8,3,2.5,0.6,0.1,1.1,-1.36
176,119.6,Jordan Clarkson,SG,UTA,64,28.6,0.431,6.3,14.5,0.846,3,3.5,1.9,17.4,3.4,4.3,0.5,0.2,2.6,-1.37
177,139.9,Nick Richards,C,CHA,67,23.2,0.655,3.5,5.3,0.744,2.1,2.8,0,9.1,7.4,0.7,0.3,1,1,-1.39
178,139.1,Cole Anthony,PG,ORL,72,21.9,0.444,4,9,0.855,2.2,2.6,1.3,11.5,3.9,3.1,0.7,0.5,1.4,-1.4
179,137.9,Reed Sheppard,SG,HOU,67,20.2,0.472,2.2,4.8,0.835,0.9,1,1.3,6.7,2.5,2.4,1.3,0.4,1.1,-1.4
180,126.1,Jarred Vanderbilt,PF,LAL,65,24.1,0.542,3,5.6,0.688,1.2,1.7,0.4,7.6,7.1,2.2,1.2,0.3,1.2,-1.44
181,132.9,Andrew Wiggins,SF/PF,GS,70,28.5,0.461,5.6,12.1,0.711,1.7,2.4,1.7,14.6,4.7,1.9,0.8,0.6,1.3,-1.44
182,140,Bilal Coulibaly,SF,WAS,68,28.5,0.44,3.6,8.2,0.71,1.8,2.5,1.2,10.2,4.9,2.1,1.1,0.9,1.6,-1.45
183,139.6,Donovan Clingan,C,POR,67,21.2,0.639,3.7,5.9,0.608,1.6,2.7,0.3,9.4,5.2,1.1,0.4,1.7,0.6,-1.52
184,125.4,Russell Westbrook,PG,DEN,72,29.2,0.444,5.7,12.8,0.668,2.5,3.7,1,14.8,5.9,5.4,1.2,0.4,3.1,-1.54
185,140,Andrew Nembhard,PG/SG,IND,72,28,0.477,4.1,8.6,0.798,0.7,0.9,1.2,10,2.6,4.7,1,0.1,1.7,-1.6
186,119.7,Josh Hart,SG/SF,NY,76,28.2,0.456,3,6.6,0.764,1.2,1.6,0.8,8,7,3.4,0.9,0.2,1.5,-1.63
187,131.6,Caris LeVert,SG/SF,CLE,69,27.5,0.426,4.4,10.3,0.746,1.9,2.5,1.6,12.2,3.7,4.2,1,0.4,1.5,-1.63
188,140,Caleb Martin,SG/SF,PHI,68,29.6,0.447,3.9,8.6,0.794,1.3,1.7,1.3,10.3,4.9,2,0.9,0.5,1.2,-1.64
189,139.9,Duncan Robinson,SF,MIA,67,26.4,0.447,4.4,9.8,0.889,1.1,1.3,2.6,12.5,2.5,2.5,0.6,0.2,1.3,-1.65
190,139.8,Nikola Jovic,PF,MIA,52,25.4,0.443,3.7,8.4,0.766,1.2,1.6,1.8,10.4,5.3,2.4,0.8,0.4,1.2,-1.67
191,139.9,Josh Richardson,SG/SF,MIA,60,25.2,0.436,3.8,8.7,0.885,1.2,1.3,1.7,10.4,2.9,2.7,0.9,0.3,1.2,-1.68
192,140,Brandon Clarke,PF,MEM,60,19.5,0.642,4.2,6.6,0.694,1.6,2.3,0,10.1,5.5,1.3,0.6,0.7,0.9,-1.71
193,139.4,Bennedict Mathurin,SG/SF,IND,68,29,0.443,5.5,12.5,0.826,4.4,5.3,1.4,16.8,4.3,1.8,0.7,0.2,1.9,-1.79
194,139.8,Christian Braun,SG,DEN,79,28.4,0.468,3.9,8.3,0.73,1.5,2.1,1,10.4,5.2,2,0.9,0.6,1,-1.8
195,138.4,Zaccharie Risacher,SF/PF,ATL,68,28.4,0.452,4.8,10.6,0.74,1.9,2.6,1.4,12.9,3.6,1.4,1.1,0.7,1.5,-1.83
196,140,Peyton Watson,SF,DEN,78,24.5,0.467,3.7,7.9,0.65,1.3,2,0.8,9.5,4.6,1.5,0.7,1.5,1,-1.84
197,140,Josh Green,SG/SF,CHA,64,28.9,0.472,4.2,8.9,0.709,1.1,1.5,1.6,11,3.6,2.3,1,0.3,1.3,-1.85
198,139.2,Andre Drummond,C,PHI,74,18.8,0.575,3.7,6.5,0.604,1.7,2.8,0,9.2,9.9,0.6,1,0.7,1.4,-1.92
199,139.8,Nickeil Alexander-Walker,SG,MIN,74,25.8,0.441,3.4,7.7,0.733,0.9,1.2,1.8,9.5,2.5,2.9,0.9,0.6,1.2,-1.95
200,139.8,Isaiah Jackson,PF/C,IND,60,16.5,0.607,3.1,5.1,0.675,1.5,2.3,0,7.7,4.8,0.9,0.6,1.4,0.8,-2.01
